link,text
http://www.thehindu.com/todays-paper/tp-national/tp-tamilnadu/Community-care-centre-for-HIVAIDS-patients/article16343838.ece,Community care centre for HIV/AIDS patients
http://www.thehindu.com/todays-paper/tp-national/tp-karnataka/Loan-scheme-for-people-with-HIV-yielding-results/article16344548.ece,Loan scheme for people with HIV yielding results
http://www.thehindu.com/todays-paper/tp-national/tp-andhrapradesh/HIV-ve-lack-legal-awareness-NGOs/article16357357.ece,HIV +ve lack legal awareness: NGOs
http://www.thehindu.com/todays-paper/tp-national/tp-andhrapradesh/HIV-ve-lack-legal-awareness-NGOs/article16357357.ece,HIV +ve lack legal awareness: NGOs
http://www.thehindu.com/todays-paper/tp-national/tp-tamilnadu/Show-affection-to-HIV-patients/article16052240.ece,Show affection to HIV patients
http://www.thehindu.com/todays-paper/tp-national/tp-andhrapradesh/lsquoHIV-injectionrsquo-attack-case-booked/article16345962.ece,‘HIV injection’ attack: case booked
http://www.thehindu.com/todays-paper/tp-national/tp-otherstates/HIV-patient-alleges-neglect-in-treatment/article16259031.ece,HIV patient alleges neglect in treatment
http://www.thehindu.com/todays-paper/tp-national/tp-tamilnadu/Expo-to-combat-HIVAIDS-stigma/article16623567.ece,Expo to combat HIV/AIDS stigma
http://www.thehindu.com/todays-paper/tp-national/tp-tamilnadu/Critical-mass-of-research-on-HIV-needs-to-be-built-up-expert/article16151014.ece,Critical mass of research on HIV needs to be built up: expert
http://www.thehindu.com/todays-paper/tp-national/tp-tamilnadu/Awareness-campaign-on-HIVAIDS/article16651487.ece,Awareness campaign on HIV/AIDS
http://www.thehindu.com/todays-paper/tp-national/tp-andhrapradesh/Mobile-HIV-awareness-campaign-from-today/article16607063.ece,Mobile HIV awareness campaign from today
http://www.thehindu.com/todays-paper/tp-national/Strategy-to-prevent-HIV-positivity-among-migrants/article16145527.ece,Strategy to prevent HIV positivity among migrants
http://www.thehindu.com/todays-paper/tp-national/tp-tamilnadu/HIV-affected-have-a-gala-time/article16144184.ece,HIV affected have a gala time
http://www.thehindu.com/todays-paper/tp-national/tp-newdelhi/Protest-against-entry-bar-for-HIV-positive-persons/article16140719.ece,Protest against entry bar for HIV positive persons
http://www.thehindu.com/todays-paper/tp-national/tp-newdelhi/Protest-against-entry-bar-for-HIV-positive-persons/article16140719.ece,Protest against entry bar for HIV positive persons
http://www.thehindu.com/todays-paper/Shortage-forces-curbs-on-use-of-HIV-testing-kits/article16121511.ece,Shortage forces curbs on use of HIV testing kits
http://www.thehindu.com/todays-paper/tp-national/tp-andhrapradesh/Sharp-decline-in-HIV-positive-deliveries/article16121860.ece,Sharp decline in HIV positive deliveries
http://www.thehindu.com/todays-paper/tp-national/tp-tamilnadu/Awareness-programme-on-HIVAIDS-launched/article16645889.ece,Awareness programme on HIV/AIDS launched
http://www.thehindu.com/todays-paper/tp-national/tp-tamilnadu/Training-in-HIVTB-collaborative-activity/article16639725.ece,Training in HIV/TB collaborative activity
http://www.thehindu.com/todays-paper/tp-national/tp-tamilnadu/Training-in-HIVTB-collaborative-activity/article16639725.ece,Training in HIV/TB collaborative activity
http://www.thehindu.com/todays-paper/tp-national/tp-newdelhi/HIV-patient-commits-suicide/article16646241.ece,HIV patient commits suicide
http://www.thehindu.com/todays-paper/tp-national/tp-otherstates/Study-HIV-cases-on-rise-in-the-State/article16641264.ece,Study: HIV cases on rise in the State
http://www.thehindu.com/todays-paper/tp-national/tp-karnataka/Aid-sought-for-HIV-positive-persons/article16636206.ece,Aid sought for HIV positive persons
http://www.thehindu.com/todays-paper/tp-national/tp-otherstates/Programme-on-diagnosis-management-of-HIVAIDS/article16637488.ece,"Programme on diagnosis, management of HIV/AIDS"
http://www.thehindu.com/todays-paper/tp-national/tp-karnataka/lsquoCreate-awareness-about-HIVAIDS-among-youthrsquo/article16639012.ece,‘Create awareness about HIV/AIDS among youth’
http://www.thehindu.com/todays-paper/tp-national/tp-kerala/Anti-HIV-drive/article16631490.ece,Anti-HIV drive
http://www.thehindu.com/todays-paper/tp-national/tp-karnataka/Aid-sought-for-HIV-positive-persons/article16636206.ece,Aid sought for HIV positive persons
http://www.thehindu.com/todays-paper/tp-national/tp-tamilnadu/ldquoDonrsquot-panic-over-HIV-issuerdquo/article16632022.ece,“Don’t panic over HIV issue”
http://www.thehindu.com/todays-paper/tp-national/tp-tamilnadu/Need-to-prevent-transmission-of-HIVAIDS/article16635263.ece,Need to prevent transmission of HIV/AIDS
http://www.thehindu.com/todays-paper/tp-features/tp-sci-tech-and-agri/ARV-levels-in-hair-linked-to-HIV-levels-in-blood/article15951329.ece,ARV levels in hair linked to HIV levels in blood
http://www.thehindu.com/todays-paper/tp-national/tp-tamilnadu/State-Information-Centre-on-HIVAIDS-inaugurated/article16605641.ece,State Information Centre on HIV/AIDS inaugurated
http://www.thehindu.com/todays-paper/tp-national/tp-tamilnadu/Need-to-prevent-transmission-of-HIVAIDS/article16635263.ece,Need to prevent transmission of HIV/AIDS
http://www.thehindu.com/todays-paper/tp-features/tp-sci-tech-and-agri/ARV-levels-in-hair-linked-to-HIV-levels-in-blood/article15951329.ece,ARV levels in hair linked to HIV levels in blood
http://www.thehindu.com/todays-paper/tp-national/tp-kerala/Musical-event-in-aid-of-anti-HIV-efforts/article16597088.ece,Musical event in aid of anti-HIV efforts
http://www.thehindu.com/todays-paper/tp-national/tp-andhrapradesh/HIV-positive-housewife-wants-to-live-save-foetus/article16594316.ece,"HIV positive housewife wants to live, save foetus"
http://www.thehindu.com/todays-paper/tp-national/tp-kerala/GTech-adopts-HIVAIDS-policy/article16596619.ece,GTech adopts HIV/AIDS policy
http://www.thehindu.com/todays-paper/tp-national/tp-andhrapradesh/HIV-positive-housewife-wants-to-live-save-foetus/article16594316.ece,"HIV positive housewife wants to live, save foetus"
http://www.thehindu.com/todays-paper/tp-national/tp-andhrapradesh/Workshop-on-role-of-media-on-HIVAIDS-held/article16339241.ece,Workshop on role of media on HIV/AIDS held
http://www.thehindu.com/todays-paper/tp-national/tp-andhrapradesh/Programme-on-rights-of-HIVAIDS-infected/article16338616.ece,Programme on rights of HIV/AIDS infected
http://www.thehindu.com/todays-paper/tp-national/tp-andhrapradesh/Major-political-parties-vow-to-fight-HIVAIDS/article16339067.ece,Major political parties vow to fight HIV/AIDS
http://www.thehindu.com/todays-paper/tp-national/tp-tamilnadu/Helpline-for-people-living-with-HIVAIDS-launched-in-Chennai/article16336521.ece,Helpline for people living with HIV/AIDS launched in Chennai
http://www.thehindu.com/todays-paper/tp-national/tp-tamilnadu/Public-telephone-a-blessing-for-those-living-with-HIVAIDS/article16335228.ece,Public telephone a blessing for those living with HIV/AIDS
http://www.thehindu.com/todays-paper/tp-national/tp-tamilnadu/Helpline-launched-for-people-living-with-HIVAIDS/article16336857.ece,Helpline launched for people living with HIV/AIDS
http://www.thehindu.com/todays-paper/tp-national/tp-tamilnadu/Why-feel-ashamed-of-HIVAIDS/article16337775.ece,Why feel ashamed of HIV/AIDS?
http://www.thehindu.com/todays-paper/tp-national/tp-tamilnadu/Free-legal-service-for-HIV-positive-people/article16329152.ece,Free legal service for HIV positive people
http://www.thehindu.com/todays-paper/tp-national/tp-tamilnadu/Inter-religion-panel-to-sensitise-people-on-HIVAIDS/article16327538.ece,Inter-religion panel to sensitise people on HIV/AIDS
http://www.thehindu.com/todays-paper/tp-national/tp-tamilnadu/Panel-to-sensitise-people-on-HIVAIDS/article16654138.ece,Panel to sensitise people on HIV/AIDS
http://www.thehindu.com/todays-paper/tp-national/tp-tamilnadu/Chennai-to-be-centre-for-drug-HIV-prevention-activities-in-prisons/article16617569.ece,"Chennai to be centre for drug, HIV prevention activities in prisons"
http://www.thehindu.com/todays-paper/tp-national/tp-tamilnadu/Chennai-to-be-centre-for-drug-HIV-prevention-activities-in-prisons/article16617569.ece,"Chennai to be centre for drug, HIV prevention activities in prisons"
http://www.thehindu.com/todays-paper/tp-features/tp-metroplus/In-aid-of-HIV-orphans/article15928948.ece,In aid of HIV orphans
http://www.thehindu.com/todays-paper/tp-features/tp-metroplus/In-aid-of-HIV-orphans/article15928948.ece,In aid of HIV orphans
http://www.thehindu.com/todays-paper/tp-features/tp-metroplus/In-aid-of-HIV-orphans/article15928761.ece,In aid of HIV orphans
http://www.thehindu.com/todays-paper/tp-features/tp-metroplus/In-aid-of-HIV-orphans/article15928520.ece,In aid of HIV orphans
http://www.thehindu.com/todays-paper/tp-features/tp-metroplus/In-aid-of-HIV-orphans/article15928443.ece,In aid of HIV orphans
http://www.thehindu.com/todays-paper/tp-national/tp-andhrapradesh/RHIV-to-launch-agitation-in-October/article16583035.ece,RHIV to launch agitation in October
http://www.thehindu.com/todays-paper/tp-national/tp-andhrapradesh/Texas-University-working-on-HIV-vaccine/article16582821.ece,Texas University working on HIV vaccine
http://www.thehindu.com/todays-paper/tp-national/tp-tamilnadu/Workshop-on-HIV-awareness/article16579976.ece,Workshop on HIV awareness
http://www.thehindu.com/todays-paper/tp-national/tp-tamilnadu/Workshop-on-HIV-awareness/article16579976.ece,Workshop on HIV awareness
http://www.thehindu.com/todays-paper/tp-national/tp-tamilnadu/Sensitisation-programme-on-HIVAIDS-held/article16579432.ece,Sensitisation programme on HIV/AIDS held
http://www.thehindu.com/todays-paper/tp-national/tp-tamilnadu/lsquoNeed-to-hone-social-skills-of-HIVAIDS-affected-childrenrsquo/article16579398.ece,‘Need to hone social skills of HIV/AIDS affected children’
http://www.thehindu.com/todays-paper/tp-opinion/HIV-entry-ban-repealed/article16485944.ece,HIV entry ban repealed
http://www.thehindu.com/todays-paper/tp-national/tp-tamilnadu/Dialysis-unit-for-HIV-positive-persons-opened/article16485340.ece,Dialysis unit for HIV positive persons opened
http://www.thehindu.com/todays-paper/tp-national/tp-tamilnadu/TANKER-Foundationrsquos-dialysis-unit-for-HIV-positive-persons-inaugurated/article16485595.ece,TANKER Foundation’s dialysis unit for HIV positive persons inaugurated
http://www.thehindu.com/todays-paper/tp-national/tp-tamilnadu/HIV-risk-perception-among-students-has-come-down-Subburaj/article16483094.ece,HIV risk perception among students has come down: Subburaj
http://www.thehindu.com/todays-paper/tp-national/tp-tamilnadu/Dindigul-Government-Hospital-gets-advanced-equipment-for-HIVAIDS-tests/article16477463.ece,Dindigul Government Hospital gets advanced equipment for HIV/AIDS tests
http://www.thehindu.com/todays-paper/tp-national/tp-andhrapradesh/Naga-Babursquos-gesture-to-HIV-children/article16476306.ece,Naga Babu’s gesture to HIV children
http://www.thehindu.com/todays-paper/tp-national/tp-tamilnadu/Financial-assistance-to-orphans-of-HIVAIDS-victims/article16473961.ece,Financial assistance to orphans of HIV/AIDS victims
http://www.thehindu.com/todays-paper/tp-national/tp-tamilnadu/Aid-for-orphans-of-HIVAIDS-victims/article16473639.ece,Aid for orphans of HIV/AIDS victims
http://www.thehindu.com/todays-paper/tp-national/tp-andhrapradesh/Minister-calls-for-collective-effort-to-check-HIVAIDS/article16468875.ece,Minister calls for collective effort to check HIV/AIDS
http://www.thehindu.com/todays-paper/tp-national/tp-andhrapradesh/Insurance-policy-for-HIV-patients/article16469009.ece,Insurance policy for HIV patients
http://www.thehindu.com/todays-paper/tp-national/tp-andhrapradesh/lsquoMost-HIV-positive-cases-in-15-29-age-grouprsquo/article16469041.ece,‘Most HIV positive cases in 15-29 age group’
http://www.thehindu.com/todays-paper/tp-national/tp-tamilnadu/Pilot-insurance-scheme-for-people-living-with-HIVAIDS/article16628023.ece,Pilot insurance scheme for people living with HIV/AIDS
http://www.thehindu.com/todays-paper/tp-features/tp-educationplus/Health-awareness-meet-discusses-HIVAIDS/article15942881.ece,Health awareness meet discusses HIV/AIDS
http://www.thehindu.com/todays-paper/tp-national/tp-tamilnadu/Insurance-programme-for-people-living-with-HIVAIDS-launched/article16627144.ece,Insurance programme for people living with HIV/AIDS launched
http://www.thehindu.com/todays-paper/tp-national/tp-karnataka/Role-of-media-in-tackling-HIVAIDS-underscored/article16627168.ece,Role of media in tackling HIV/AIDS underscored
http://www.thehindu.com/todays-paper/tp-national/tp-tamilnadu/HIV-CD4-cell-counting-equipment/article16541793.ece,HIV CD4 cell counting equipment
http://www.thehindu.com/todays-paper/tp-national/tp-andhrapradesh/TB-HIV-is-a-serious-threat-WHO/article16540421.ece,TB-HIV is a serious threat: WHO
http://www.thehindu.com/todays-paper/tp-national/tp-andhrapradesh/Orientation-session-on-HIVAIDS/article16536159.ece,Orientation session on HIV/AIDS
http://www.thehindu.com/todays-paper/tp-national/tp-tamilnadu/102-suffer-from-HIV-in-Thanjavur-district/article16534052.ece,102 suffer from HIV in Thanjavur district
http://www.thehindu.com/todays-paper/tp-national/tp-otherstates/CRPF-jawan-dies-of-HIV-in-Kashmir/article16528151.ece,CRPF jawan dies of HIV in Kashmir
http://www.thehindu.com/todays-paper/tp-features/tp-sci-tech-and-agri/New-HIV-strain-discovered-in-a-woman-from-Cameroon/article15951531.ece,New HIV strain discovered in a woman from Cameroon
http://www.thehindu.com/todays-paper/tp-national/tp-tamilnadu/Review-of-HIV-awareness-programmes-held/article16588114.ece,Review of HIV awareness programmes held
http://www.thehindu.com/todays-paper/tp-national/tp-andhrapradesh/Conference-on-HIV-begins-today/article15796684.ece,Conference on HIV begins today
http://www.thehindu.com/todays-paper/tp-national/tp-andhrapradesh/Conference-on-HIV-begins-today/article15796684.ece,Conference on HIV begins today
http://www.thehindu.com/todays-paper/tp-national/Adult-HIV-prevalence-on-the-decline-in-the-country-NACO-report/article15782463.ece,Adult HIV prevalence on the decline in the country: NACO report
http://www.thehindu.com/todays-paper/tp-national/tp-karnataka/HIV-care/article15779545.ece,HIV care
http://www.thehindu.com/todays-paper/tp-national/tp-newdelhi/TB-HIV-package-for-patients/article15777206.ece,TB-HIV package for patients
http://www.thehindu.com/todays-paper/tp-national/tp-karnataka/NGO-staff-forced-to-undergo-HIV-test/article15776075.ece,NGO staff forced to undergo HIV test
http://www.thehindu.com/todays-paper/tp-national/tp-tamilnadu/Critical-mass-of-research-on-HIV-needs-to-be-built-up-expert/article16151014.ece,Critical mass of research on HIV needs to be built up: expert
http://www.thehindu.com/todays-paper/tp-national/tp-karnataka/Call-to-create-awareness-on-HIVAIDS-in-rural-areas/article16522547.ece,Call to create awareness on HIV/AIDS in rural areas
http://www.thehindu.com/todays-paper/tp-national/tp-karnataka/Only-three-per-cent-of-HIV-cases-in-India-recorded-ASI/article16521890.ece,Only three per cent of HIV cases in India recorded: ASI
http://www.thehindu.com/todays-paper/tp-national/tp-andhrapradesh/Awareness-on-HIV-through-art/article16519608.ece,Awareness on HIV through art
http://www.thehindu.com/todays-paper/tp-national/tp-andhrapradesh/Awareness-on-HIV-through-art/article16519608.ece,Awareness on HIV through art
http://www.thehindu.com/todays-paper/The-price-one-pays-for-being-HIV-positive/article16517834.ece,The price one pays for being HIV positive
http://www.thehindu.com/todays-paper/tp-national/tp-otherstates/Tourist-guards-to-spread-awareness-of-HIVAIDS/article16517355.ece,Tourist guards to spread awareness of HIV/AIDS
http://www.thehindu.com/todays-paper/tp-national/tp-andhrapradesh/Workshop-on-AIDSHIV-control/article16517208.ece,Workshop on AIDS/HIV control
http://www.thehindu.com/todays-paper/tp-national/tp-tamilnadu/HC-ruling-on-prisoners-with-HIVAIDS/article16515815.ece,HC ruling on prisoners with HIV/AIDS
http://www.thehindu.com/todays-paper/tp-national/tp-tamilnadu/ldquoNo-bar-on-lodging-prisoners-with-HIVAIDS-along-with-othersrdquo/article16513497.ece,“No bar on lodging prisoners with HIV/AIDS along with others”
http://www.thehindu.com/todays-paper/Nutritious-support-to-HIVAIDS-affected/article16511031.ece,Nutritious support to HIV/AIDS-affected
http://www.thehindu.com/todays-paper/tp-national/tp-andhrapradesh/Pension-for-toddy-tappers-HIV-patients/article16566479.ece,"Pension for toddy tappers, HIV patients"
http://www.thehindu.com/todays-paper/tp-national/tp-newdelhi/India-can-be-model-for-rest-of-the-world-on-HIV-prevention-Gates/article16562978.ece,India can be model for rest of the world on HIV prevention: Gates
http://www.thehindu.com/todays-paper/tp-national/tp-tamilnadu/Sensitisation-programme-on-HIVAIDS/article16561404.ece,Sensitisation programme on HIV/AIDS
http://www.thehindu.com/todays-paper/tp-national/tp-tamilnadu/Sensitisation-programme-on-HIVAIDS/article16561404.ece,Sensitisation programme on HIV/AIDS
http://www.thehindu.com/todays-paper/tp-national/tp-tamilnadu/Awareness-campaign-on-HIVAIDS/article16651487.ece,Awareness campaign on HIV/AIDS
http://www.thehindu.com/todays-paper/tp-national/tp-andhrapradesh/Campaign-launched-to-promote-voluntary-HIV-test/article16554380.ece,Campaign launched to promote voluntary HIV test
http://www.thehindu.com/todays-paper/tp-national/tp-otherstates/HIV-patient-alleges-neglect-in-treatment/article16259031.ece,HIV patient alleges neglect in treatment
http://www.thehindu.com/todays-paper/tp-national/tp-otherstates/HIV-patient-alleges-neglect-in-treatment/article16259031.ece,HIV patient alleges neglect in treatment
http://www.thehindu.com/todays-paper/tp-national/tp-andhrapradesh/Campaign-to-promote-voluntary-HIV-testing/article16552584.ece,Campaign to promote voluntary HIV testing
http://www.thehindu.com/todays-paper/tp-national/tp-andhrapradesh/Awareness-drive-for-students-on-HIVAIDS/article16502392.ece,Awareness drive for students on HIV/AIDS
http://www.thehindu.com/todays-paper/tp-national/tp-tamilnadu/HIV-screening-camp-for-transgenders/article16502168.ece,HIV screening camp for transgenders
http://www.thehindu.com/todays-paper/tp-national/Revised-HIV-draft-Bill-still-truncated-protesters/article16500335.ece,Revised HIV draft Bill still truncated: protesters
http://www.thehindu.com/todays-paper/tp-national/tp-karnataka/End-hardship-of-HIV-positive-persons-government-urged/article16486398.ece,"End hardship of HIV positive persons, government urged"
http://www.thehindu.com/todays-paper/tp-national/tp-otherstates/New-HIV-testing-to-be-introduced/article16495988.ece,New HIV testing to be introduced
http://www.thehindu.com/todays-paper/tp-national/tp-otherstates/New-HIV-testing-to-be-introduced/article16495988.ece,New HIV testing to be introduced
http://www.thehindu.com/todays-paper/tp-national/tp-tamilnadu/HIV-positive-persons-celebrate-Deepavali/article16494088.ece,HIV positive persons celebrate Deepavali
http://www.thehindu.com/todays-paper/tp-national/tp-tamilnadu/HIV-positive-persons-celebrate-Deepavali/article16493834.ece,HIV positive persons celebrate Deepavali
http://www.thehindu.com/todays-paper/tp-national/tp-andhrapradesh/New-test-to-detect-HIV-among-infants/article16569803.ece,New test to detect HIV among infants
http://www.thehindu.com/todays-paper/tp-national/tp-tamilnadu/Expo-to-combat-HIVAIDS-stigma/article16623567.ece,Expo to combat HIV/AIDS stigma
http://www.thehindu.com/todays-paper/tp-national/tp-otherstates/Special-lecture-on-HIVAIDS-therapy-held/article16471402.ece,Special lecture on HIV/AIDS therapy held
http://www.thehindu.com/todays-paper/tp-national/tp-andhrapradesh/Mobile-HIV-awareness-campaign-from-today/article16607063.ece,Mobile HIV awareness campaign from today
http://www.thehindu.com/todays-paper/tp-national/tp-tamilnadu/Free-bus-passes-for-HIV-positive-persons/article15590584.ece,Free bus passes for HIV positive persons
http://www.thehindu.com/todays-paper/tp-national/tp-tamilnadu/Bus-passes-for-persons-with-HIVAIDS/article15590568.ece,Bus passes for persons with HIV/AIDS
http://www.thehindu.com/todays-paper/tp-national/tp-tamilnadu/Free-bus-passes-for-HIV-positive-persons/article15590028.ece,Free bus passes for HIV positive persons
http://www.thehindu.com/todays-paper/tp-national/tp-andhrapradesh/Guntur-Collector-dines-with-People-Living-With-HIVAIDS/article16036465.ece,Guntur Collector dines with People Living With HIV/AIDS
http://www.thehindu.com/todays-paper/tp-national/tp-andhrapradesh/Summer-camp-for-HIVAIDS-children/article16035582.ece,Summer camp for HIV/AIDS children
http://www.thehindu.com/todays-paper/tp-national/tp-otherstates/Legislators-forum-on-HIVAIDS-launched/article16033772.ece,Legislators' forum on HIV/AIDS launched
http://www.thehindu.com/todays-paper/tp-national/tp-otherstates/Legislators-forum-on-HIVAIDS-launched/article16034201.ece,Legislators' forum on HIV/AIDS launched
http://www.thehindu.com/todays-paper/tp-national/tp-karnataka/lsquoAction-plan-will-give-thrust-to-national-policy-on-HIVAIDS/article16031243.ece,‘Action plan will give thrust to national policy on HIV/AIDS'
http://www.thehindu.com/todays-paper/tp-national/tp-tamilnadu/Youth-festival-to-create-awareness-of-HIVAIDS/article16214820.ece,Youth festival to create awareness of HIV/AIDS
http://www.thehindu.com/todays-paper/tp-national/tp-andhrapradesh/Pension-ration-for-HIV-patients-mooted/article16215313.ece,"Pension, ration for HIV patients mooted"
http://www.thehindu.com/todays-paper/tp-national/tp-karnataka/Seminar-on-HIVAIDS/article16216422.ece,Seminar on HIV/AIDS
http://www.thehindu.com/todays-paper/tp-national/tp-tamilnadu/Students-asked-to-create-awareness-on-HIV-among-rural-people/article16212465.ece,Students asked to create awareness on HIV among rural people
http://www.thehindu.com/todays-paper/tp-national/tp-tamilnadu/ldquoAwareness-of-HIVAIDS-is-vitalrdquo/article16212441.ece,“Awareness of HIV/AIDS is vital”
http://www.thehindu.com/todays-paper/tp-national/tp-karnataka/lsquoTake-HIVAIDS-awareness-programmes-to-rural-areas/article16211593.ece,‘Take HIV/AIDS awareness programmes to rural areas'
http://www.thehindu.com/todays-paper/Lack-of-kits-halts-HIV-tests-in-State/article16207943.ece,Lack of kits halts HIV tests in State
http://www.thehindu.com/todays-paper/tp-national/tp-karnataka/Seminar-on-HIVAIDS/article16216422.ece,Seminar on HIV/AIDS
http://www.thehindu.com/todays-paper/tp-national/tp-andhrapradesh/Information-on-HIVAIDS-in-vernacular-languages-urged/article16204297.ece,Information on HIV/AIDS in vernacular languages urged
http://www.thehindu.com/todays-paper/tp-national/tp-andhrapradesh/Information-on-HIVAIDS-in-vernacular-languages-urged/article16204297.ece,Information on HIV/AIDS in vernacular languages urged
http://www.thehindu.com/todays-paper/tp-national/3-suspended-for-inhuman-treatment-to-HIV-patient/article16581965.ece,3 suspended for inhuman treatment to HIV patient
http://www.thehindu.com/todays-paper/tp-national/tp-newdelhi/India-could-be-showcased-globally-for-HIV-reforms/article16188774.ece,India could be showcased globally for HIV reforms
http://www.thehindu.com/todays-paper/tp-national/tp-kerala/HIV-prevention-campaign-gets-a-boost/article16186533.ece,HIV prevention campaign gets a boost
http://www.thehindu.com/todays-paper/tp-national/tp-tamilnadu/Students-to-reduce-stigma-on-HIV-and-AIDS/article16526747.ece,Students to reduce stigma on HIV and AIDS
http://www.thehindu.com/todays-paper/tp-national/tp-andhrapradesh/Mobile-HIV-awareness-campaign-from-today/article16607063.ece,Mobile HIV awareness campaign from today
http://www.thehindu.com/todays-paper/tp-national/tp-karnataka/Stigma-prevents-HIV-patients-from-utilising-scheme-benefits/article16466177.ece,Stigma prevents HIV patients from utilising scheme benefits
http://www.thehindu.com/todays-paper/tp-national/tp-andhrapradesh/Travails-of-HIV-positive-children/article16464569.ece,Travails of HIV positive children
http://www.thehindu.com/todays-paper/tp-national/tp-karnataka/lsquoPeople-with-HIVAIDS-have-a-right-to-liversquo/article16831614.ece,‘People with HIV/AIDS have a right to live’
http://www.thehindu.com/todays-paper/tp-national/tp-andhrapradesh/Workplace-intervention-on-HIVAIDS/article16831381.ece,Workplace intervention on HIV/AIDS
http://www.thehindu.com/todays-paper/tp-national/tp-karnataka/District-officials-stress-on-HIVAIDS-prevention/article16830441.ece,District officials stress on HIV/AIDS prevention
http://www.thehindu.com/todays-paper/tp-national/tp-karnataka/Bill-on-HIVAIDS-to-be-presented-in-next-session/article16829547.ece,Bill on HIV/AIDS to be presented in next session
http://www.thehindu.com/todays-paper/tp-national/tp-karnataka/Recognising-Kannada-journalism-on-HIVAIDS/article16827051.ece,Recognising Kannada journalism on HIV/AIDS
http://www.thehindu.com/todays-paper/tp-national/tp-tamilnadu/Collector-appeals-to-HIVAIDS-affected-persons/article16823082.ece,Collector appeals to HIV/AIDS-affected persons
http://www.thehindu.com/todays-paper/tp-national/tp-newdelhi/Bonding-over-HIV-infection/article16822681.ece,Bonding over HIV infection
http://www.thehindu.com/todays-paper/tp-national/NGOs-help-overcome-stigma-of-HIV-infection-in-Manipur/article15769115.ece,NGOs help overcome stigma of HIV infection in Manipur
http://www.thehindu.com/todays-paper/tp-national/tp-tamilnadu/HIV-positive-person-seeks-government-job/article15769060.ece,HIV positive person seeks government job
http://www.thehindu.com/todays-paper/tp-national/Preventing-drug-abuse-HIV-across-border/article15768494.ece,"Preventing drug abuse, HIV across border"
http://www.thehindu.com/todays-paper/tp-national/tp-andhrapradesh/Workshop-to-sensitise-stakeholders-on-HIVAIDS/article15592717.ece,Workshop to sensitise stakeholders on HIV/AIDS
http://www.thehindu.com/todays-paper/tp-national/tp-newdelhi/Two-new-powerful-antibodies-for-HIV-found/article16508590.ece,"Two new, powerful antibodies for HIV found"
http://www.thehindu.com/todays-paper/tp-features/tp-downtown/Awareness-talk-on-HIVAIDS-held-at-MCC/article16132122.ece,Awareness talk on HIV/AIDS held at MCC
http://www.thehindu.com/todays-paper/tp-national/tp-tamilnadu/ldquoThanjavur-among-HIV-prevalent-districtsrdquo/article16545703.ece,“Thanjavur among HIV prevalent districts”
http://www.thehindu.com/todays-paper/tp-national/tp-tamilnadu/ldquoThanjavur-one-among-high-HIV-prevalence-districtsrdquo/article16544019.ece,“Thanjavur one among high HIV prevalence districts”
http://www.thehindu.com/todays-paper/tp-national/tp-andhrapradesh/Play-key-role-in-creating-HIV-awareness-youth-told/article16474519.ece,"Play key role in creating HIV awareness, youth told"
http://www.thehindu.com/todays-paper/tp-national/tp-newdelhi/A-case-for-passing-HIVAIDS-Bill/article16474826.ece,A case for passing HIV/AIDS Bill
http://www.thehindu.com/todays-paper/tp-national/tp-tamilnadu/Stigma-bars-HIV-positive-persons-from-support-services/article15962857.ece,Stigma bars HIV positive persons from support services
http://www.thehindu.com/todays-paper/tp-national/tp-tamilnadu/Stigma-bars-HIV-positive-persons-from-availing-support-services/article15962240.ece,Stigma bars HIV positive persons from availing support services
http://www.thehindu.com/todays-paper/tp-national/tp-karnataka/lsquoHIV-cases-on-the-decline-in-Statersquo/article15962196.ece,‘HIV cases on the decline in State’
http://www.thehindu.com/todays-paper/tp-national/tp-tamilnadu/Accent-on-effective-control-of-HIVAIDS/article16009700.ece,Accent on effective control of HIV/AIDS
http://www.thehindu.com/todays-paper/tp-national/tp-otherstates/HIV-positive-woman-spreads-hope/article16008936.ece,HIV positive woman spreads hope
http://www.thehindu.com/todays-paper/tp-national/tp-tamilnadu/Know-all-about-HIVAIDS/article16005071.ece,Know all about HIV/AIDS
http://www.thehindu.com/todays-paper/tp-national/tp-karnataka/End-hardship-of-HIV-positive-persons-government-urged/article16486398.ece,"End hardship of HIV positive persons, government urged"
http://www.thehindu.com/todays-paper/tp-opinion/One-HIV-test-but-two-results/article15991286.ece,"One HIV test, but two results"
http://www.thehindu.com/todays-paper/tp-national/tp-andhrapradesh/lsquoFemale-condom-checks-spread-of-HIVAIDS/article15990228.ece,‘Female condom checks spread of HIV/AIDS'
http://www.thehindu.com/todays-paper/tp-national/tp-karnataka/New-HIV-Bill-to-be-tabled-in-budget-session-of-Parliament/article15985773.ece,New HIV Bill to be tabled in budget session of Parliament
http://www.thehindu.com/todays-paper/tp-national/tp-karnataka/Curiosity-brings-people-to-HIVAIDS-exhibition/article15985103.ece,Curiosity brings people to HIV/AIDS exhibition
http://www.thehindu.com/todays-paper/tp-national/tp-andhrapradesh/State-has-highest-number-of-HIV-cases-NACO/article15981425.ece,State has highest number of HIV cases: NACO
http://www.thehindu.com/todays-paper/tp-national/tp-tamilnadu/To-reduce-stigma-in-interacting-with-HIV-affected/article16027054.ece,To reduce stigma in interacting with HIV affected
http://www.thehindu.com/todays-paper/tp-international/HIV-free-Zuma/article16025890.ece,HIV free: Zuma
http://www.thehindu.com/todays-paper/tp-national/tp-tamilnadu/Support-services-for-HIVAIDS-infected-persons-to-be-scaled-up/article16019940.ece,Support services for HIV/AIDS infected persons to be scaled up
http://www.thehindu.com/todays-paper/tp-national/tp-tamilnadu/More-steps-soon-to-prevent-HIVAIDS/article16019910.ece,More steps soon to prevent HIV/AIDS
http://www.thehindu.com/todays-paper/tp-national/tp-tamilnadu/Support-services-for-HIVAIDS-infected-persons-to-be-scaled-up/article16019940.ece,Support services for HIV/AIDS infected persons to be scaled up
http://www.thehindu.com/todays-paper/tp-national/tp-tamilnadu/More-steps-soon-to-prevent-HIVAIDS/article16019910.ece,More steps soon to prevent HIV/AIDS
http://www.thehindu.com/todays-paper/tp-national/tp-andhrapradesh/PHCs-to-have-HIV-testing-centres/article16013655.ece,PHCs to have HIV testing centres
http://www.thehindu.com/todays-paper/tp-national/tp-andhrapradesh/PHCs-to-have-HIV-testing-centres/article16013655.ece,PHCs to have HIV testing centres
http://www.thehindu.com/todays-paper/tp-national/tp-tamilnadu/Incidence-of-HIV-on-the-decline-in-Tamil-Nadu-says-Minister/article16013192.ece,"Incidence of HIV on the decline in Tamil Nadu, says Minister"
http://www.thehindu.com/todays-paper/tp-opinion/HIV-summit-in-Africa-for-grandmothers/article16030764.ece,HIV summit in Africa for grandmothers
http://www.thehindu.com/todays-paper/tp-national/tp-kerala/Allocation-for-HIV-control-activities-sought/article16029103.ece,Allocation for HIV control activities sought
http://www.thehindu.com/todays-paper/tp-national/tp-tamilnadu/Government-urged-to-table-HIVAIDS-Bill-immediately/article16819947.ece,Government urged to table HIV/AIDS Bill immediately
http://www.thehindu.com/todays-paper/Tackling-HIV-a-high-priority-for-government-says-Sonia-Gandhi/article16819182.ece,"Tackling HIV a high priority for government, says Sonia Gandhi"
http://www.thehindu.com/todays-paper/tp-national/tp-tamilnadu/ldquoPrivate-sector-key-for-treating-HIV-patientsrdquo/article16817601.ece,“Private sector key for treating HIV patients”
http://www.thehindu.com/todays-paper/tp-national/tp-tamilnadu/People-living-with-HIV-bank-on-SHG-concept-for-income-generation/article16818935.ece,People living with HIV bank on SHG concept for income generation
http://www.thehindu.com/todays-paper/tp-national/tp-tamilnadu/Link-ART-centres-planned-for-people-living-with-HIVAIDS/article16819154.ece,Link ART centres planned for people living with HIV/AIDS
http://www.thehindu.com/todays-paper/tp-national/tp-karnataka/Asha-Kirana-offers-hope-for-HIV-positive-people/article16818807.ece,Asha Kirana offers hope for HIV positive people
http://www.thehindu.com/todays-paper/tp-national/tp-karnataka/People-with-HIV-provide-food-for-thought/article16819107.ece,People with HIV provide food for thought
http://www.thehindu.com/todays-paper/tp-national/tp-karnataka/Help-people-with-HIVAIDS-lead-normal-life-says-expert/article16819026.ece,"Help people with HIV/AIDS lead normal life, says expert"
http://www.thehindu.com/todays-paper/tp-national/tp-andhrapradesh/Importance-of-HIV-test-stressed/article16818577.ece,Importance of HIV test stressed
http://www.thehindu.com/todays-paper/tp-national/tp-andhrapradesh/lsquoCheck-spread-of-HIV-by-changing-lifestylersquo/article16818995.ece,‘Check spread of HIV by changing lifestyle’
http://www.thehindu.com/todays-paper/tp-national/tp-otherstates/ldquoMore-support-is-given-for-treatment-of-HIV-positive-personsrdquo/article16818615.ece,“More support is given for treatment of HIV positive persons”
http://www.thehindu.com/todays-paper/tp-national/tp-karnataka/SMAK-looking-for-aid-to-14-HIV-positive-children/article16817510.ece,SMAK looking for aid to 14 HIV positive children
http://www.thehindu.com/todays-paper/tp-national/tp-andhrapradesh/Highest-number-of-HIV-cases-in-State/article16817837.ece,Highest number of HIV cases in State
http://www.thehindu.com/todays-paper/tp-national/tp-newdelhi/Living-with-HIVAIDS-but-dying-of-TB-Study/article16817810.ece,"Living with HIV/AIDS, but dying of TB: Study"
http://www.thehindu.com/todays-paper/tp-national/tp-andhrapradesh/Fruits-distributed-to-HIV-patients/article15954350.ece,Fruits distributed to HIV patients
http://www.thehindu.com/todays-paper/tp-national/tp-tamilnadu/Vans-to-spread-awareness-about-HIV-test-centres/article15995379.ece,Vans to spread awareness about HIV test centres
http://www.thehindu.com/todays-paper/tp-national/tp-tamilnadu/All-108-ambulances-urged-to-stock-anti-HIV-drugs/article15975974.ece,All 108 ambulances urged to stock anti-HIV drugs
http://www.thehindu.com/todays-paper/tp-national/tp-karnataka/lsquoCounsellors-indifferent-to-people-visiting-HIV-testing-centres/article15721457.ece,‘Counsellors indifferent to people visiting HIV testing centres'
http://www.thehindu.com/todays-paper/tp-national/tp-karnataka/Panchayats-involvement-in-supporting-children-with-HIV-opposed/article15721458.ece,Panchayats' involvement in supporting children with HIV opposed
http://www.thehindu.com/todays-paper/tp-national/tp-andhrapradesh/Expert-moots-inclusion-of-HIVAIDS-in-Arogyasri/article15720693.ece,Expert moots inclusion of HIV/AIDS in Arogyasri
http://www.thehindu.com/todays-paper/tp-national/tp-andhrapradesh/Expert-wants-HIVAIDS-under-Arogyasri/article15720680.ece,Expert wants HIV/AIDS under Arogyasri
http://www.thehindu.com/todays-paper/tp-national/tp-tamilnadu/Volunteers-rally-around-to-help-HIV-children/article15719503.ece,Volunteers rally around to help HIV children
http://www.thehindu.com/todays-paper/tp-national/tp-andhrapradesh/Awareness-on-HIVAIDS-stressed/article15719334.ece,Awareness on HIV/AIDS stressed
http://www.thehindu.com/todays-paper/tp-national/Animation-lessons-on-HIVAIDS-awareness-released/article15718205.ece,Animation lessons on HIV/AIDS awareness released
http://www.thehindu.com/todays-paper/tp-national/Restrictions-on-people-living-with-HIV-lifted/article15718076.ece,Restrictions on people living with HIV lifted
http://www.thehindu.com/todays-paper/tp-national/tp-tamilnadu/Campaign-against-HIV-through-rhythm-of-feet-today/article15718161.ece,Campaign against HIV through rhythm of feet today
http://www.thehindu.com/todays-paper/tp-features/tp-sci-tech-and-agri/Drug-taken-as-a-prophylactic-reduces-risk-of-HIV-infection/article15715488.ece,Drug taken as a prophylactic reduces risk of HIV infection
http://www.thehindu.com/todays-paper/tp-features/tp-sci-tech-and-agri/Drug-taken-as-a-prophylactic-reduces-risk-of-HIV-infection/article15715488.ece,Drug taken as a prophylactic reduces risk of HIV infection
http://www.thehindu.com/todays-paper/tp-national/tp-tamilnadu/Focus-on-welfare-of-HIVAIDS-affected/article15697957.ece,Focus on welfare of HIV/AIDS affected
http://www.thehindu.com/todays-paper/tp-national/tp-andhrapradesh/Role-of-media-in-prevention-of-HIV-highlighted/article15690022.ece,Role of media in prevention of HIV highlighted
http://www.thehindu.com/todays-paper/tp-features/tp-educationplus/A-unique-course-in-HIV-care/article15687111.ece,A unique course in HIV care
http://www.thehindu.com/todays-paper/tp-national/tp-andhrapradesh/HIV-counsellors-demand-wages/article15680841.ece,HIV counsellors demand wages
http://www.thehindu.com/todays-paper/tp-features/tp-educationplus/A-unique-course-in-HIV-care/article15679548.ece,A unique course in HIV care
http://www.thehindu.com/todays-paper/tp-national/tp-tamilnadu/Show-affection-to-HIV-patients/article16052240.ece,Show affection to HIV patients
http://www.thehindu.com/todays-paper/tp-national/tp-otherstates/HIV-patient-alleges-neglect-in-treatment/article16259031.ece,HIV patient alleges neglect in treatment
http://www.thehindu.com/todays-paper/tp-opinion/Better-news-on-the-HIV-front/article16050375.ece,Better news on the HIV front
http://www.thehindu.com/todays-paper/tp-national/tp-andhrapradesh/HIV-testing-for-pregnant-mothers-at-UHP/article16047872.ece,HIV testing for pregnant mothers at UHP
http://www.thehindu.com/todays-paper/tp-national/tp-andhrapradesh/HIV-testing-for-pregnant-mothers-at-UHP/article16047872.ece,HIV testing for pregnant mothers at UHP
http://www.thehindu.com/todays-paper/tp-national/tp-karnataka/Seminar-on-HIVAIDS/article16216422.ece,Seminar on HIV/AIDS
http://www.thehindu.com/todays-paper/tp-national/tp-karnataka/Onsite-HIV-testing-termed-a-success-in-industrial-areas/article15974511.ece,Onsite HIV testing termed a success in industrial areas
http://www.thehindu.com/todays-paper/tp-national/tp-karnataka/Onsite-HIV-testing-termed-a-success-in-industrial-areas/article15974511.ece,Onsite HIV testing termed a success in industrial areas
http://www.thehindu.com/todays-paper/tp-national/tp-andhrapradesh/Training-programme-on-HIVAIDS/article15911296.ece,Training programme on HIV/AIDS
http://www.thehindu.com/todays-paper/tp-national/NACO-signs-MoU-with-Global-Trust-Fund-on-HIVAIDS-prevention/article15908293.ece,NACO signs MoU with Global Trust Fund on HIV/AIDS prevention
http://www.thehindu.com/todays-paper/tp-national/tp-andhrapradesh/HIV-status-to-be-kept-confidential/article15908471.ece,HIV status to be kept confidential
http://www.thehindu.com/todays-paper/tp-national/tp-tamilnadu/Support-group-meet-for-patients-living-with-HIVAIDS/article15906977.ece,Support group meet for patients living with HIV/AIDS
http://www.thehindu.com/todays-paper/tp-national/tp-tamilnadu/Support-group-meet-for-patients-living-with-HIVAIDS/article15906977.ece,Support group meet for patients living with HIV/AIDS
http://www.thehindu.com/todays-paper/tp-national/tp-tamilnadu/Meet-for-persons-with-HIV-AIDS-held/article15904733.ece,Meet for persons with HIV/ AIDS held
http://www.thehindu.com/todays-paper/tp-national/tp-karnataka/Panel-to-probe-forcible-HIV-testing-by-NGO/article15902485.ece,Panel to probe forcible HIV testing by NGO
http://www.thehindu.com/todays-paper/tp-national/tp-kerala/A-crusade-against-HIV-on-motorbike/article15902355.ece,A crusade against HIV on motorbike
http://www.thehindu.com/todays-paper/tp-national/tp-tamilnadu/ldquoReach-out-to-HIV-affected-childrenrdquo/article12718694.ece,“Reach out to HIV affected children”
http://www.thehindu.com/todays-paper/tp-national/tp-andhrapradesh/Loans-to-HIV-carriers-sought/article12718782.ece,Loans to HIV carriers sought
http://www.thehindu.com/todays-paper/tp-national/tp-tamilnadu/Number-of-HIV-patients-comes-down/article15603576.ece,Number of HIV patients comes down
http://www.thehindu.com/todays-paper/tp-national/tp-andhrapradesh/Workshop-on-HIV-awareness-life-skills/article15603630.ece,"Workshop on HIV awareness, life skills"
http://www.thehindu.com/todays-paper/tp-national/tp-andhrapradesh/Workshop-to-sensitise-stakeholders-on-HIVAIDS/article15592717.ece,Workshop to sensitise stakeholders on HIV/AIDS
http://www.thehindu.com/todays-paper/tp-national/tp-tamilnadu/Free-bus-passes-for-HIV-positive-persons/article15590584.ece,Free bus passes for HIV positive persons
http://www.thehindu.com/todays-paper/tp-national/tp-tamilnadu/Bus-passes-for-persons-with-HIVAIDS/article15590568.ece,Bus passes for persons with HIV/AIDS
http://www.thehindu.com/todays-paper/tp-national/tp-tamilnadu/Free-bus-passes-for-HIV-positive-persons/article15590028.ece,Free bus passes for HIV positive persons
http://www.thehindu.com/todays-paper/tp-national/tp-tamilnadu/HIV-prevalence-figure-in-State-to-be-released/article15587177.ece,HIV prevalence figure in State to be released
http://www.thehindu.com/todays-paper/tp-national/tp-tamilnadu/Need-to-move-HIV-Bill-in-Parliament-stressed/article15587607.ece,Need to move HIV Bill in Parliament stressed
http://www.thehindu.com/todays-paper/tp-national/tp-tamilnadu/Need-to-move-HIV-Bill-in-Parliament-stressed/article15585589.ece,Need to move HIV Bill in Parliament stressed
http://www.thehindu.com/todays-paper/tp-national/tp-andhrapradesh/15-HIV-cases-detected-in-health-camps/article15583575.ece,15 HIV cases detected in health camps
http://www.thehindu.com/todays-paper/tp-national/WHO-strengthen-health-systems-to-ensure-early-detection-of-HIVAIDS/article15577491.ece,WHO: strengthen health systems to ensure early detection of HIV/AIDS
http://www.thehindu.com/todays-paper/tp-national/Encourage-people-with-HIV-to-consult-doctors-judge/article15577261.ece,Encourage people with HIV to consult doctors: judge
http://www.thehindu.com/todays-paper/tp-national/tp-karnataka/HIV-awareness-week-inaugurated/article15578457.ece,HIV awareness week inaugurated
http://www.thehindu.com/todays-paper/tp-national/tp-otherstates/HIV-cases-on-the-rise/article15578581.ece,HIV cases on the rise
http://www.thehindu.com/todays-paper/tp-national/tp-newdelhi/Minister-pledges-support-to-homeless-women-children-with-HIVAIDS/article15581302.ece,"Minister pledges support to homeless women, children with HIV/AIDS"
http://www.thehindu.com/todays-paper/tp-national/Manipur-has-highest-HIV-infection-prevalence-NACO/article15579699.ece,Manipur has highest HIV infection prevalence: NACO
http://www.thehindu.com/todays-paper/tp-national/tp-tamilnadu/Awareness-of-HIVAIDS-on-fast-track/article15579995.ece,Awareness of HIV/AIDS on fast track
http://www.thehindu.com/todays-paper/tp-features/tp-metroplus/HIV-Children/article15579237.ece,HIV Children
http://www.thehindu.com/todays-paper/tp-national/WHO-strengthen-health-systems-to-ensure-early-detection-of-HIVAIDS/article15577491.ece,WHO: strengthen health systems to ensure early detection of HIV/AIDS
http://www.thehindu.com/todays-paper/tp-national/Encourage-people-with-HIV-to-consult-doctors-judge/article15577261.ece,Encourage people with HIV to consult doctors: judge
http://www.thehindu.com/todays-paper/tp-national/tp-karnataka/HIV-awareness-week-inaugurated/article15578457.ece,HIV awareness week inaugurated
http://www.thehindu.com/todays-paper/tp-national/tp-otherstates/HIV-cases-on-the-rise/article15578581.ece,HIV cases on the rise
http://www.thehindu.com/todays-paper/tp-national/tp-karnataka/Fall-in-number-of-HIVAIDS-cases-in-Belgaum/article16270588.ece,Fall in number of HIV/AIDS cases in Belgaum
http://www.thehindu.com/todays-paper/tp-national/tp-tamilnadu/Create-awareness-on-HIV-transmission-Collector/article16271398.ece,Create awareness on HIV transmission: Collector
http://www.thehindu.com/todays-paper/tp-national/tp-karnataka/Fall-in-number-of-HIVAIDS-cases-in-Belgaum/article16270588.ece,Fall in number of HIV/AIDS cases in Belgaum
http://www.thehindu.com/todays-paper/tp-opinion/South-Africas-HIV-carer-children/article16262512.ece,South Africa's HIV carer children
http://www.thehindu.com/todays-paper/tp-national/tp-otherstates/HIV-patient-alleges-neglect-in-treatment/article16259031.ece,HIV patient alleges neglect in treatment
http://www.thehindu.com/todays-paper/tp-national/tp-tamilnadu/Legal-aid-clinics-to-benefit-HIV-positive-persons-in-16-districts/article15982176.ece,Legal aid clinics to benefit HIV positive persons in 16 districts
http://www.thehindu.com/todays-paper/tp-features/tp-downtown/First-to-detect-HIV-in-India/article16246368.ece,First to detect HIV in India
http://www.thehindu.com/todays-paper/tp-features/tp-downtown/First-to-detect-HIV-in-India/article16246368.ece,First to detect HIV in India
http://www.thehindu.com/todays-paper/tp-features/tp-downtown/First-to-detect-HIV-in-India/article16246388.ece,First to detect HIV in India
http://www.thehindu.com/todays-paper/tp-features/tp-downtown/First-to-detect-HIV-in-India/article16246415.ece,First to detect HIV in India
http://www.thehindu.com/todays-paper/tp-features/tp-downtown/First-to-detect-HIV-in-India/article16246439.ece,First to detect HIV in India
http://www.thehindu.com/todays-paper/tp-features/tp-downtown/First-to-detect-HIV-in-India/article16246488.ece,First to detect HIV in India
http://www.thehindu.com/todays-paper/tp-features/tp-downtown/First-to-detect-HIV-in-India/article16246460.ece,First to detect HIV in India
http://www.thehindu.com/todays-paper/tp-features/tp-downtown/First-to-detect-HIV-in-India/article16246388.ece,First to detect HIV in India
http://www.thehindu.com/todays-paper/tp-features/tp-downtown/First-to-detect-HIV-in-India/article16246415.ece,First to detect HIV in India
http://www.thehindu.com/todays-paper/tp-features/tp-downtown/First-to-detect-HIV-in-India/article16246439.ece,First to detect HIV in India
http://www.thehindu.com/todays-paper/tp-features/tp-downtown/First-to-detect-HIV-in-India/article16246488.ece,First to detect HIV in India
http://www.thehindu.com/todays-paper/tp-features/tp-downtown/First-to-detect-HIV-in-India/article16246460.ece,First to detect HIV in India
http://www.thehindu.com/todays-paper/tp-national/tp-andhrapradesh/Awareness-meet-on-HIV-tests-conducted/article16252052.ece,Awareness meet on HIV tests conducted
http://www.thehindu.com/todays-paper/tp-national/tp-andhrapradesh/Awareness-meet-on-HIV-tests-conducted/article16252052.ece,Awareness meet on HIV tests conducted
http://www.thehindu.com/todays-paper/tp-national/tp-tamilnadu/Efforts-to-end-discrimination-against-persons-with-HIVAIDS/article15673778.ece,Efforts to end discrimination against persons with HIV/AIDS
http://www.thehindu.com/todays-paper/tp-national/tp-karnataka/Misconceptions-on-HIV-put-to-rest/article15898300.ece,Misconceptions on HIV put to rest
http://www.thehindu.com/todays-paper/HIV-cases-among-sex-workers-on-the-rise-in-State/article15576078.ece,HIV cases among sex workers on the rise in State
http://www.thehindu.com/todays-paper/tp-national/tp-andhrapradesh/Drug-to-control-HIV-to-hit-market-soon-Kutikuppala/article16256101.ece,Drug to control HIV to hit market soon: Kutikuppala
http://www.thehindu.com/todays-paper/tp-national/Prevalence-of-HIV-attributed-to-illiteracy/article15576080.ece,Prevalence of HIV attributed to illiteracy
http://www.thehindu.com/todays-paper/tp-national/45-crore-Australian-aid-to-combat-HIV-in-North-East/article15575908.ece,45-crore Australian aid to combat HIV in North-East
http://www.thehindu.com/todays-paper/tp-national/tp-tamilnadu/Tirupur-Alarming-rise-in-HIV-cases/article15576071.ece,Tirupur: Alarming rise in HIV cases
http://www.thehindu.com/todays-paper/tp-national/tp-karnataka/Health-insurance-for-people-with-HIV-soon/article15575693.ece,Health insurance for people with HIV soon
http://www.thehindu.com/todays-paper/tp-national/tp-karnataka/HIV-cases-Raichur-district-ranks-10th-in-Karnataka/article15575785.ece,HIV cases: Raichur district ranks 10th in Karnataka
http://www.thehindu.com/todays-paper/tp-national/tp-newdelhi/The-untold-story-of-HIV-positive-children/article15575911.ece,The untold story of HIV positive children
http://www.thehindu.com/todays-paper/tp-national/tp-andhrapradesh/HIV-ve-lack-legal-awareness-NGOs/article16357357.ece,HIV +ve lack legal awareness: NGOs
http://www.thehindu.com/todays-paper/tp-national/tp-andhrapradesh/HIV-positive-cases-in-district/article16356271.ece,HIV positive cases in district
http://www.thehindu.com/todays-paper/tp-national/tp-tamilnadu/New-forum-for-HIVAIDS-victims/article16354442.ece,New forum for HIV/AIDS victims
http://www.thehindu.com/todays-paper/tp-national/tp-karnataka/India-has-the-third-largest-number-of-HIV-positive-people/article16352655.ece,India has the third largest number of HIV positive people
http://www.thehindu.com/todays-paper/tp-national/tp-andhrapradesh/Second-line-of-HIV-drugs-soon/article16353046.ece,Second line of HIV drugs soon
http://www.thehindu.com/todays-paper/tp-national/tp-andhrapradesh/Second-line-of-HIV-drugs-from-Jan.-20/article16352775.ece,Second line of HIV drugs from Jan. 20
http://www.thehindu.com/todays-paper/tp-national/tp-kerala/HIV-awareness-campaign-in-district-from-today/article16352294.ece,HIV awareness campaign in district from today
http://www.thehindu.com/todays-paper/tp-national/tp-andhrapradesh/Mobile-HIV-awareness-campaign-from-today/article16607063.ece,Mobile HIV awareness campaign from today
http://www.thehindu.com/todays-paper/tp-national/tp-andhrapradesh/lsquoInstil-confidence-among-HIV-positive-personsrsquo/article16346810.ece,‘Instil confidence among HIV positive persons’
http://www.thehindu.com/todays-paper/tp-national/tp-andhrapradesh/HIV-counsellors-observe-token-fast/article16347007.ece,HIV counsellors observe token fast
http://www.thehindu.com/todays-paper/tp-national/tp-andhrapradesh/Media-Advocacy-workshop-on-HIVAIDS/article16343371.ece,Media Advocacy workshop on HIV/AIDS
http://www.thehindu.com/todays-paper/tp-national/tp-karnataka/Role-of-media-in-tackling-HIVAIDS-underscored/article16627168.ece,Role of media in tackling HIV/AIDS underscored
